<?xml version="1.0" encoding="UTF-8"?>

<mule xmlns:json="http://www.mulesoft.org/schema/mule/json" xmlns:file="http://www.mulesoft.org/schema/mule/file" xmlns:vm="http://www.mulesoft.org/schema/mule/vm" xmlns:http="http://www.mulesoft.org/schema/mule/http" xmlns="http://www.mulesoft.org/schema/mule/core" xmlns:doc="http://www.mulesoft.org/schema/mule/documentation"
	xmlns:spring="http://www.springframework.org/schema/beans" 
	xmlns:xsi="http://www.w3.org/2001/XMLSchema-instance"
	xsi:schemaLocation="http://www.springframework.org/schema/beans http://www.springframework.org/schema/beans/spring-beans-current.xsd
http://www.mulesoft.org/schema/mule/core http://www.mulesoft.org/schema/mule/core/current/mule.xsd
http://www.mulesoft.org/schema/mule/http http://www.mulesoft.org/schema/mule/http/current/mule-http.xsd
http://www.mulesoft.org/schema/mule/vm http://www.mulesoft.org/schema/mule/vm/current/mule-vm.xsd
http://www.mulesoft.org/schema/mule/file http://www.mulesoft.org/schema/mule/file/current/mule-file.xsd
http://www.mulesoft.org/schema/mule/json http://www.mulesoft.org/schema/mule/json/current/mule-json.xsd">
    <http:listener-config name="HTTP_Listener_Configuration" host="0.0.0.0" port="8081" doc:name="HTTP Listener Configuration"/>
    <vm:connector name="VM" validateConnections="true" doc:name="VM">
        <vm:queue-profile maxOutstandingMessages="100">
            <file-queue-store/>
        </vm:queue-profile>
    </vm:connector>
    <flow name="samp-vm-appFlow">
        <http:listener config-ref="HTTP_Listener_Configuration" path="/vm" doc:name="HTTP"/>
        <vm:outbound-endpoint exchange-pattern="one-way" path="queue" connector-ref="VM" doc:name="VM"/>
        <file:outbound-endpoint path="F:\files\input" responseTimeout="10000" doc:name="File"/>
        <set-payload value="hellow world" doc:name="Set Payload"/>
    </flow>
</mule>
